{
    "point_office": [30.411380, 59.925533],
    "focus_point": [3385507.3583930223, 8383496.292569711],
    "coords": [
        [3385437.119277248, 8383802.240609354],
        [3385459.989212668, 8383788.5656164875],
        [3385499.5688957106, 8383689.256595639],
        [3385451.997908932, 8383669.370709901],
        [3385472.9108614824, 8383610.732452806],
        [3385480.4950221567, 8383559.9686862705],
        [3385507.3583930223, 8383496.292569711],
        [3385525.5883900197, 8383460.747912925],
        [3385473.13559127, 8383385.444378591],
        [3385480.406265457, 8383370.9030005],
        [3385468.98090757, 8383337.66558043],
        [3385415.4894354194, 8383307.024824053],
        [3385347.4565827013, 8383252.4946785],
        [3385352.649942279, 8383243.146662464],
        [3385327.7218697974, 8383229.12463098],
        [3385359.920616466, 8383167.323801335]]
}